{"assets/audios/favicon.png":["assets/audios/favicon.png"],"assets/fonts/Lexend Deca-SemiBold.ttf":["assets/fonts/Lexend Deca-SemiBold.ttf"],"assets/fonts/Poppins-Medium.ttf":["assets/fonts/Poppins-Medium.ttf"],"assets/fonts/Poppins-Regular.ttf":["assets/fonts/Poppins-Regular.ttf"],"assets/fonts/Poppins-SemiBold.ttf":["assets/fonts/Poppins-SemiBold.ttf"],"assets/fonts/favicon.png":["assets/fonts/favicon.png"],"assets/images/4-IBIF-H-B-BOLIVIA.png":["assets/images/4-IBIF-H-B-BOLIVIA.png"],"assets/images/BID_LAB_-_aplicaciones-02_(1).png":["assets/images/BID_LAB_-_aplicaciones-02_(1).png"],"assets/images/OFC-BOL-IMAGOTIPO-VERTICAL-BLANCO.png":["assets/images/OFC-BOL-IMAGOTIPO-VERTICAL-BLANCO.png"],"assets/images/OFC-BOL-LOGOTIPO-BLANCO-2.png":["assets/images/OFC-BOL-LOGOTIPO-BLANCO-2.png"],"assets/images/OFC_BOL_-_BLANCO_-_ISOTIPO.png":["assets/images/OFC_BOL_-_BLANCO_-_ISOTIPO.png"],"assets/images/Pngtreecartoon_man_avatar_vector_ilustration_8515463.png":["assets/images/Pngtreecartoon_man_avatar_vector_ilustration_8515463.png"],"assets/images/Vertical_blanco@288x.png":["assets/images/Vertical_blanco@288x.png"],"assets/images/app_launcher_icon.png":["assets/images/app_launcher_icon.png"],"assets/images/background_image_4.png":["assets/images/background_image_4.png"],"assets/images/favicon.png":["assets/images/favicon.png"],"assets/images/logoSueciaUEFinal_(1)_(1).png":["assets/images/logoSueciaUEFinal_(1)_(1).png"],"assets/images/logo_sbcbi.png":["assets/images/logo_sbcbi.png"],"assets/jsons/favicon.png":["assets/jsons/favicon.png"],"assets/pdfs/favicon.png":["assets/pdfs/favicon.png"],"assets/rive_animations/favicon.png":["assets/rive_animations/favicon.png"],"assets/videos/favicon.png":["assets/videos/favicon.png"],"packages/cupertino_icons/assets/CupertinoIcons.ttf":["packages/cupertino_icons/assets/CupertinoIcons.ttf"],"packages/font_awesome_flutter/lib/fonts/fa-brands-400.ttf":["packages/font_awesome_flutter/lib/fonts/fa-brands-400.ttf"],"packages/font_awesome_flutter/lib/fonts/fa-regular-400.ttf":["packages/font_awesome_flutter/lib/fonts/fa-regular-400.ttf"],"packages/font_awesome_flutter/lib/fonts/fa-solid-900.ttf":["packages/font_awesome_flutter/lib/fonts/fa-solid-900.ttf"]}